<?xml version="1.0" encoding="gb2312"?>
<files>
  <item>js/baseControl.js</item>
  <item>js/grid.js</item>
  <item>js/frame.js</item>
  <item>form/dialog.js</item>
  <item>form/tab.js</item>
  <item>form/fileManage.js</item>
  <item>form/dataManage.js</item>
  <item>form/classEdit.js</item>
  <item>form/wordEdit.js</item>
  <item>js/HtmlEditBox.js</item>
  <item>js/userControl.js</item>
  <item>form/TemplateManage.js</item>
  <item>form/TemplateEdit.js</item>
  <item>form/moduleEdit.js</item>
  <item>form/safeManage.js</item>
  <item>form/insertLabel.js</item>
  <item>form/sqlLabel.js</item>
  <item>form/searchLabel.js</item>
  <item>form/viewManage.js</item>
  <item>form/ViewEdit.js</item>
  <item>form/parameterManage.js</item>
  <item>form/systemVariables.js</item>
  <item>form/findReplace.js</item>
  <item>form/databasemanage.js</item>
  <item>form/backupDataBase.js</item>
  <item>form/restoreDataBase.js</item>
  <item>form/backupList.js</item>
  <item>form/insertClassLabel.js</item>
  <item>form/upgrade.js</item>
  <item>form/moveData.js</item>
  <item>form/setupComponents.js</item>
  <item>form/updateindex.js</item>
  <item>form/askedit.js</item>
  <item>form/codeviewedit.js</item>
  <item>form/fieldManage.js</item>
  <item>form/userManage.js</item>
  <item>form/memberEdit.js</item>
  <item>form/logRead.js</item>
  <item>js/index.js</item>
  <item>form/searchKeywords.js</item>
  <item>form/siteOverview.js</item>
  <item>form/keywordIndexManage.js</item>
  <item>form/webArchitecture.js</item>
  <item>form/clientAnalysis.js</item>
  <item>form/keywordsAnalysis.js</item>
  <item>form/dailyAnalysis.js</item>
  <item>form/robotArchitecture.js</item>
  <item>form/errArchitecture.js</item>
  <item>form/linkArchitecture.js</item>
  <item>form/dataArchitecture.js</item>
  <item>form/getWebInfoList.js</item>
  <item>form/commentsManage.js</item>
  <item>form/formEdit.js</item>
  <item>form/linkSet.js</item>
  <item>form/batchCreateDirectory.js</item>
  <item>form/picAttribute.js</item>
  <item>form/backupTemplateList.js</item>
  <item>form/fileEdit.js</item>
  <item>form/cjmanage.js</item>
  <item>form/CJEdit.js</item>
  <item>form/34749920473.js</item>
  <item>form/adminEdit.js</item>
  <item>form/roleManage.js</item>
  <item>form/datafieldManage.js</item>
  <item>form/jsManage.js</item>
  <item>form/controlSet.js</item>
  <item>form/keywordReplace.js</item>
  <item>form/swfupload.js</item>
  <item>js/flashchart.js</item>
  <item>form/excelSet.js</item>
  <item>form/myEdit.js</item>
  <item>form/uploadDir.js</item>
  <item>form/shop.js</item>
  <item>form/uploadFile.js</item>
  <item>form/directorySeparation.js</item>
    <item>form/uploadWord.js</item>
    <item>form/49651699730.js</item>
    <item>form/48644538906.js</item>
    <item>form/dataReplace.js</item>
    <item>form/68558321813.js</item>
    <item>form/63956216152.js</item>
    <item>form/51362553611.js</item>
    <item>form/514036010.js</item>
    <item>form/examineManage.js</item>
    <item>form/921532380.js</item>
    <item>form/911321222.js</item>
    <item>form/3133717195.js</item>
    <item>form/3140095797.js</item>
    <item>form/3141742913.js</item>
    <item>form/4038639135.js</item>
</files>